name,id
玫瑰花香飘万里店鸡血藤,27692175629
玫瑰花香飘万里店痛经贴,70134766492
玫瑰花香飘万里店盛草仙芳腱鞘贴,88222258435
升降沉浮店鸡血藤,40759601253
升降沉浮店盛草仙芳腱鞘贴,50479096678
升降沉浮店肌瘤贴,43853008364
鸾磁器械保健专营店妙乳,84468215009
鸾磁器械保健专营店肛灵,84651861356
鸾磁器械保健专营店草本肤疾克,88816770933
鸾磁器械保健专营店华佗神医,89688312714
鸾磁器械保健专营店痛经贴,88574045478
鸾磁器械保健专营店苗磁前列腺贴,88520878724
鸾磁器械保健专营店妙乳2,88264645523
鸾磁器械保健专营店妙乳3,95328082274
鸾磁器械保健专营店蛇油拔毒膏,91292105747
鸾磁器械保健专营店妙硫磺软膏,91586291703
鸾磁器械保健专营店苗磁前列腺贴2,104258051676
鸾磁器械保健专营店紫草,108417970200
鸾磁器械保健专营店脉乐舒,105394895852
鸾磁器械保健专营店宁录腰椎,126517996029
鸾磁器械保健专营店鼻通经典,128204405600
鸾磁器械保健专营店五毒,139683272315
鸾磁器械保健专营店劲饮肩型,148119328816
鸾磁器械保健专营店脉乐舒,150570522203
鸾磁器械保健专营店肛用凝胶,161032385328
时隽日用品专营店妙乳,89230078295
时隽日用品专营店盛草仙芳腱鞘贴,89195451829
时隽日用品专营店腱鞘膏,99172665383
时隽日用品专营店RXL,100123824690
时隽日用品专营店肤美平,107954285880
时隽日用品专营店前贴,108918699857
时隽日用品专营店胆舒,109418729755
时隽日用品专营店硫膏,117149206785
时隽日用品专营店咽口舒,116675561949
时隽日用品专营店九焱,121674079882
时隽日用品专营店升芪,136084858639
时隽日用品专营店牙舒,143308510492
时隽日用品专营店茧立青,158202642140